<?xml version="1.0"?>
<doc>
    <assembly>
        <name>AsyncKeyState</name>
    </assembly>
    <members>
        <member name="T:AsyncKeyState.AsyncInput">
            <summary>
            Provides methods to get the asynchronous state of a virtual key.
            </summary>
        </member>
        <member name="F:AsyncKeyState.AsyncInput.MaxKeyValue">
            <summary>
            The upper bound of a virtual key.
            </summary>
        </member>
        <member name="F:AsyncKeyState.AsyncInput.MinKeyValue">
            <summary>
            The lower bound of a virtual key.
            </summary>
        </member>
        <member name="M:AsyncKeyState.AsyncInput.GetKeyState(System.Windows.Forms.Keys)">
            <summary>
            Returns the asynchronous state of a virtual key.
            </summary>
            <param name="key">A virtual key code.</param>
            <returns>The state of a virtual key code.</returns>
        </member>
        <member name="M:AsyncKeyState.AsyncInput.IsPressed(System.Windows.Forms.Keys)">
            <summary>
            Determines whether a key is pressed.
            </summary>
            <param name="key">A virtual key.</param>
            <returns><see langword="true"/> if the virtual key is pressed; otherwise, <see langword="false"/>.</returns>
        </member>
        <member name="M:AsyncKeyState.AsyncInput.WasPressed(System.Windows.Forms.Keys)">
            <summary>
            Determines whether a key was pressed.
            </summary>
            <param name="key">A virtual key.</param>
            <returns><see langword="true"/> if the virtual key was pressed; otherwise, <see langword="false"/>.</returns>
        </member>
        <member name="M:AsyncKeyState.AsyncInput.IsFirstTimePressed(System.Windows.Forms.Keys)">
            <summary>
            Determines whether a key is pressed for the first time and not held down.
            </summary>
            <param name="key">A virtual key.</param>
            <returns><see langword="true"/> if the virtual key is pressed for the first time and not held down; otherwise, <see langword="false"/>.</returns>
        </member>
        <member name="M:AsyncKeyState.AsyncInput.IsToggled(System.Windows.Forms.Keys)">
            <summary>
            Determines whether a key is toggled.
            </summary>
            <param name="key">A virtual key.</param>
            <returns><see langword="true"/> if the virtual key is toggled; otherwise, <see langword="false"/>.</returns>
        </member>
        <member name="M:AsyncKeyState.AsyncInput.IsUp(System.Windows.Forms.Keys)">
            <summary>
            Determines whether a key is not pressed or toggled.
            </summary>
            <param name="key">A virtual key.</param>
            <returns><see langword="true"/> if the virtual key is not pressed or toggled; otherwise, <see langword="false"/>.</returns>
        </member>
        <member name="T:AsyncKeyState.KeyboardState">
            <summary>
            Provides access to the asynchronous status of all virtual keys.
            </summary>
        </member>
        <member name="F:AsyncKeyState.KeyboardState.MaxKeyValue">
            <summary>
            The upper bound of a virtual key.
            </summary>
        </member>
        <member name="F:AsyncKeyState.KeyboardState.MinKeyValue">
            <summary>
            The lower bound of a virtual key.
            </summary>
        </member>
        <member name="P:AsyncKeyState.KeyboardState.Item(System.Int32)">
            <summary>
            Gets the bit field representing the status of a key.
            </summary>
            <param name="index">A virtual key.</param>
            <returns>A 1 byte large bit field holding the status of a virtual key.</returns>
        </member>
        <member name="P:AsyncKeyState.KeyboardState.Item(System.Windows.Forms.Keys)">
            <summary>
            Gets the key state of a specified key.
            </summary>
            <param name="key">A virtual key.</param>
            <returns>The KeyStates of the specified key.</returns>
        </member>
        <member name="M:AsyncKeyState.KeyboardState.#ctor">
            <summary>
            Initializes a new KeyboardState object and updates the underlying buffer.
            </summary>
        </member>
        <member name="M:AsyncKeyState.KeyboardState.GetKeyState(System.Windows.Forms.Keys)">
            <summary>
            Returns the asynchronous state of a virtual key.
            </summary>
            <param name="key">A virtual key code.</param>
            <returns>The state of a virtual key code.</returns>
        </member>
        <member name="M:AsyncKeyState.KeyboardState.IsPressed(System.Windows.Forms.Keys)">
            <summary>
            Determines whether a key is pressed.
            </summary>
            <param name="key">A virtual key.</param>
            <returns><see langword="true"/> if the virtual key is pressed; otherwise, <see langword="false"/>.</returns>
        </member>
        <member name="M:AsyncKeyState.KeyboardState.WasPressed(System.Windows.Forms.Keys)">
            <summary>
            Determines whether a key was pressed.
            </summary>
            <param name="key">A virtual key.</param>
            <returns><see langword="true"/> if the virtual key was pressed; otherwise, <see langword="false"/>.</returns>
        </member>
        <member name="M:AsyncKeyState.KeyboardState.IsFirstTimePressed(System.Windows.Forms.Keys)">
            <summary>
            Determines whether a key is pressed for the first time and not held down.
            </summary>
            <param name="key">A virtual key.</param>
            <returns><see langword="true"/> if the virtual key is pressed for the first time and not held down; otherwise, <see langword="false"/>.</returns>
        </member>
        <member name="M:AsyncKeyState.KeyboardState.IsToggled(System.Windows.Forms.Keys)">
            <summary>
            Determines whether a key is toggled.
            </summary>
            <param name="key">A virtual key.</param>
            <returns><see langword="true"/> if the virtual key is toggled; otherwise, <see langword="false"/>.</returns>
        </member>
        <member name="M:AsyncKeyState.KeyboardState.IsUp(System.Windows.Forms.Keys)">
            <summary>
            Determines whether a key is not pressed or toggled.
            </summary>
            <param name="key">A virtual key.</param>
            <returns><see langword="true"/> if the virtual key is not pressed or toggled; otherwise, <see langword="false"/>.</returns>
        </member>
        <member name="M:AsyncKeyState.KeyboardState.Update">
            <summary>
            Updates the buffer holding the status of all virtual keys.
            </summary>
        </member>
        <member name="M:AsyncKeyState.KeyboardState.Equals(System.Object)">
            <summary>
            Returns a value indicating whether this instance and a specified <see cref="T:System.Object" /> represent the same type and were created on the same thread.
            </summary>
            <param name="obj">The object to compare with this instance.</param>
            <returns><see langword="true" /> if <paramref name="obj" /> is a KeyboardState and was created on the same thread; otherwise, <see langword="false" />.</returns>
        </member>
        <member name="M:AsyncKeyState.KeyboardState.Equals(AsyncKeyState.KeyboardState)">
            <summary>
            Returns a value indicating whether two specified instances of KeyboardState were created on the same thread.
            </summary>
            <param name="value">An object to compare to this instance.</param>
            <returns><see langword="true" /> if <paramref name="value" /> was created on the same thread; otherwise, <see langword="false" />.</returns>
        </member>
        <member name="M:AsyncKeyState.KeyboardState.GetHashCode">
            <summary>
            Returns the hash code for this instance.
            </summary>
            <returns>A 32-bit signed integer hash code.</returns>
        </member>
        <member name="M:AsyncKeyState.KeyboardState.ToString">
            <summary>
            Converts this KeyboardState structure to a human-readable string.
            </summary>
            <returns>A string representation of this KeyboardState.</returns>
        </member>
        <member name="M:AsyncKeyState.KeyboardState.Create">
            <summary>
            Instantiates a new KeyboardState object.
            </summary>
            <returns>A KeyboardState object.</returns>
        </member>
        <member name="M:AsyncKeyState.KeyboardState.GetThreadStatic">
            <summary>
            Gets a cached and thread-static KeyboardState object which is unique for the calling thread and updates it.
            </summary>
            <returns>A KeyboardState object.</returns>
        </member>
        <member name="M:AsyncKeyState.KeyboardState.GetThreadStatic(System.Boolean)">
            <summary>
            Gets a cached and thread-static KeyboardState object which is unique for the calling thread.
            </summary>
            <param name="update">Indicates whether the thread-static KeyboardState object should be updated before returning it.</param>
            <returns>A KeyboardState object.</returns>
        </member>
        <member name="T:AsyncKeyState.KeyCodeConverter">
            <summary>
            Provides methods to convert between strings and enums and aswell Windows Forms (Keys) and WPF (Key) enums.
            </summary>
        </member>
        <member name="P:AsyncKeyState.KeyCodeConverter.Keys">
            <summary>
            Gets a readonly enumeration of all Keys.
            </summary>
        </member>
        <member name="M:AsyncKeyState.KeyCodeConverter.ToInt(System.Windows.Input.Key)">
            <summary>
            Converts a WPF Key to a signed integer.
            </summary>
            <param name="key">A WPF Key.</param>
            <returns>The signed int value representing a WPF Key.</returns>
        </member>
        <member name="M:AsyncKeyState.KeyCodeConverter.ToInt(System.Windows.Forms.Keys)">
            <summary>
            Converts a Windows Forms Keys to a signed integer.
            </summary>
            <param name="key">A Windows Forms Keys.</param>
            <returns>The signed int value representing a WPF Keys.</returns>
        </member>
        <member name="M:AsyncKeyState.KeyCodeConverter.ToString(System.Windows.Input.Key)">
            <summary>
            Converts a WPF Key to a human readable string.
            </summary>
            <param name="key">A WPF Key.</param>
            <returns>The string this method generates.</returns>
        </member>
        <member name="M:AsyncKeyState.KeyCodeConverter.ToString(System.Windows.Forms.Keys)">
            <summary>
            Converts a Windows Forms Keys to a human readable string.
            </summary>
            <param name="key">A Windows Forms Keys enum value.</param>
            <returns>The string this method generates.</returns>
        </member>
        <member name="M:AsyncKeyState.KeyCodeConverter.WPFKeyFromString(System.String)">
            <summary>
            Turns the string representation of a WPF Key to a WPF Key enum value.
            </summary>
            <param name="value">The string representation of a WPF Key enum value.</param>
            <returns>The WPF Key enum value.</returns>
        </member>
        <member name="M:AsyncKeyState.KeyCodeConverter.FormsKeyFromString(System.String)">
            <summary>
            Turns the string representation of a Windows Forms Keys to a Windows Forms Keys enum value.
            </summary>
            <param name="value">The string representation of a Windows Forms Keys enum value.</param>
            <returns>The Windows Forms Keys enum value.</returns>
        </member>
        <member name="M:AsyncKeyState.KeyCodeConverter.FormsKeyToWPFKey(System.Windows.Forms.Keys)">
            <summary>
            Converts a Windows Forms Keys enum value to a WPF Key enum value.
            </summary>
            <param name="key">A Windows Forms Keys enum value.</param>
            <returns>The WPF Key enum value.</returns>
        </member>
        <member name="M:AsyncKeyState.KeyCodeConverter.WPFKeyToFormsKey(System.Windows.Input.Key)">
            <summary>
            Converts a WPF Key enum value to a Windows Forms Keys enum value.
            </summary>
            <param name="key">A WPF Key enum value.</param>
            <returns>The Windows Forms Keys enum value.</returns>
        </member>
        <member name="T:AsyncKeyState.KeyStatesConverter">
            <summary>
            Provides methods for converting KeyStates to strings and vice versa.
            </summary>
        </member>
        <member name="P:AsyncKeyState.KeyStatesConverter.KeyStates">
            <summary>
            Gets a readonly enumeration of all KeyStates.
            </summary>
        </member>
        <member name="M:AsyncKeyState.KeyStatesConverter.ToInt(System.Windows.Input.KeyStates)">
            <summary>
            Converts a KeyStates enum value to a signed int.
            </summary>
            <param name="state">A KeyStates enum value.</param>
            <returns>The signed int this method returns.</returns>
        </member>
        <member name="M:AsyncKeyState.KeyStatesConverter.ToString(System.Windows.Input.KeyStates)">
            <summary>
            Converts a KeyStates enum value to a human readable string.
            </summary>
            <param name="state">A KeyStates enum value.</param>
            <returns>The string this method generates.</returns>
        </member>
        <member name="M:AsyncKeyState.KeyStatesConverter.FromString(System.String)">
            <summary>
            Converts the string representation of a KeyStates enum value to a KeyStates enum value.
            </summary>
            <param name="value">The string representation of a KeyStates enum value.</param>
            <returns>A KeyStates enum value.</returns>
        </member>
    </members>
</doc>
